Incident_Type,count,sum,mean
Ransomware,189,41098786,217453.89417989418
Phishing,156,34713968,222525.4358974359
Data Breach,136,34102131,250750.96323529413
Online Fraud,153,33822815,221064.1503267974
Hacking,131,32620076,249008.213740458
Identity Theft,117,31035885,265263.9743589744
Malware,122,30369058,248926.70491803277
Cyber Bullying,116,28154376,242710.1379310345
Others,44,6215929,141271.11363636365
Malware_Attacks,36,5713359,158704.41666666666
